smiles,logPapp
CCCn1c(=O)[nH]c(=O)c2c1nc(Cc1nc3cc(O)ccc3[nH]1)n2Cc1ccccc1,-4.452225294612178
CC(C)c1ccccc1-c1nc(NCc2ccccn2)c2ccccc2n1,-4.040958607678906
Cn1cc2c3cc(C(=O)O)ccc3n(-c3ccc(C(F)(F)F)cc3)c2n1,-4.795880017344075
COc1cc2c(cc1OC)CN(c1cccnc1)CC2,-4.403402904373539
O=C(Nc1ccc(CN2CCNCC2)nc1)c1cc(C(=O)c2c(Cl)ccc(Cl)c2F)c[nH]1,-6.221848749616356
COC(=O)N1C[C@@H](C)N(c2ncc3[nH]nc(-c4ccc(N5CCN(C)CC5)nc4)c3n2)[C@@H](C)C1,-5.6020599913279625
O=C(Nc1cnn(C2CCNCC2)c1)c1cc(C(=O)c2c(Cl)ccc(Cl)c2F)c[nH]1,-6.522878745280337
Cn1cc(NC(=O)c2cc(C(=O)c3c(Cl)ccc(Cl)c3F)c[nH]2)cn1,-4.568636235841013
CC(C)(C(=O)Nc1ccc(-c2cncc(C(F)(F)F)n2)cn1)c1csc(NS(=O)(=O)C2CC2)n1,-5.1487416512809245
FC(F)(F)c1ccccc1-c1nc(NCc2ccccn2)c2cccnc2n1,-3.835647144215563
COCc1nn(Cc2ccc(Cn3ccccc3=O)cc2)cc1C(=O)NCc1c(F)ccc(OC)c1C(C)C,-4.958607314841775
COc1ccc(N2CCc3cc(OC)c(OC)cc3C2)cc1,-4.995678626217358
Cc1oc(=O)oc1COC(=O)CCCC[C@@H]1CCSS1,-4.798602875679548
COc1cc(CCNc2nc(C#Cc3ccccc3)nc3c2ncn3[C@H]2[C@H](O)[C@H](O)[C@@H]3C[C@@H]32)ccc1O,-5.567030709125595
O=C(C1=C(O)C(=O)N(c2ccc(O)cc2)C1c1ccc([N+](=O)[O-])cc1)c1ccccc1,-6.886056647693163
Cc1cc(Cc2cccc(OCc3ccccc3)c2)n(O)c(=O)c1,-5.863279432843593
Cc1ccc(O)c(C)c1-n1c(N)c(C(N)=O)c2cc(Cl)cnc21,-4.73754891026957
COCc1nn(Cc2ccc(Cn3ccccc3=O)cc2)cc1C(=O)NCc1nccc(OC)c1F,-5.045757490560675
COc1ccnc(CNC(=O)c2cnn(Cc3ccc(Cn4ccccc4=O)cc3)c2)c1F,-5.508638306165727
CNC(=O)c1cncc(-c2cnn3cc(-c4cnn(C)c4)c(OC4CCOC4)nc23)c1,-6.698970004336019
O=C(Nc1cn[nH]c1)c1cc(C(=O)c2c(Cl)ccc(Cl)c2F)c[nH]1,-5.251811972993799
CCc1ccccc1NC(=O)c1cncc(-c2ccc(C(=O)N3CCNCC3)cc2)c1,-5.42021640338319
CN1CCC(Nc2ncc(NC(=O)c3cc(C(=O)c4c(Cl)ccc(Cl)c4F)c[nH]3)cn2)CC1,-6.522878745280337
CC(=O)Nc1ccc(S[C@@H]2O[C@H](CO)[C@H](O)[C@H](n3cc(-c4cc(F)c(F)c(F)c4)nn3)[C@H]2O)cc1,-5.4089353929735005
CC(C)NCc1ccccc1Cn1c(=S)[nH]c(=O)c2[nH]ccc21,-4.920818753952375
Cc1nnn(-c2ccc(F)cc2)c1COc1ccc2c(n1)CCN(C(=O)NC1CCOC1)C2,-4.728158393463501
Cc1cc(Cc2ccccc2-c2ccccc2)n(O)c(=O)c1,-6.692503962086787
O=C(Cc1csc(NS(=O)(=O)C2CC2)n1)Nc1cccc(Cl)c1,-6.4089353929735005
COCc1nn(Cc2ccc(Cn3ccccc3=O)cc2)cc1C(=O)NCc1c(C#N)ccc(OC)c1F,-4.853871964321762
COc1cccc2[nH]c(C(=O)N[C@@H](CC(C)C)C(=O)N[C@@H](C[C@@H]3CCCNC3=O)C(=O)COC(=O)c3c(C(F)(F)F)cc(C)nc3C)cc12,-4.539102157243452
CC(=O)N1CCC[C@H]1C(=O)N[C@@H]1COC(=O)c2cccc(-c3cc(C)c(C(=O)O)c(C)c3)c2CSC[C@H](C(=O)N(C)C)NC1=O,-6.721246399047171
FC(F)(F)c1ccccc1-c1nc(NCc2cccs2)c2ccccc2n1,-5.1938200260161125
Cc1cc(Cc2ccccc2)n(O)c(=O)c1,-4.841637507904751
Cc1cc2ncccc2cc1Nc1ncc2c(n1)n([C@@H]1CNC[C@H]1F)c(=O)n2C,-5.026872146400302
CN1CCC(N(C)c2ccc(NC(=O)c3cc(C(=O)c4c(Cl)ccc(Cl)c4F)c[nH]3)cn2)CC1,-5.698970004336019
COc1ccc(S(=O)(=O)Nc2ccc(N3CCCCCC3)cc2C(=O)O)cc1,-4.886056647693163
Cc1ccc([C@@H](NC(=O)[C@@H](O)c2ccccc2)[C@@H](C)C(=O)O)cc1,-6.585026652029182
Cc1ccc([C@@H](NC(=O)[C@@H](F)c2ccccc2)[C@@H](C)C(=O)O)cc1,-4.920818753952375
CNC(=O)c1cc(Oc2ccc(NC(=O)Nc3ccc(Cl)c(C(F)(F)F)c3)cc2)ccn1,-4.785156151952302
C[C@H](N)c1cc(Cl)ccc1Cn1c(=S)[nH]c(=O)c2[nH]ccc21,-5.0
C=C(C)[C@@H]1CC[C@]2(C(=O)O)CC[C@]3(C)[C@H](CC[C@@H]4[C@@]5(C)CC=C(c6ccc(O)cc6)C(C)(C)[C@@H]5CC[C@]43C)[C@@H]12,-5.772113295386326
COc1cc2c(cc1OC)CN(c1ccc(F)cc1)CC2,-4.690369832574102
Cc1ccc([C@@H](NC(=O)Cc2ccc3c(c2)CCCC3)[C@@H](C)C(=O)O)cc1,-4.6020599913279625
Cc1ccc([C@@H](NC(=O)[C@H](F)c2ccccc2)[C@@H](C)C(=O)O)cc1,-5.180456064458132
COc1cccc(CNC(=O)c2cn(Cc3ccc(Cn4ccccc4=O)cc3)nc2C2CC2)c1F,-4.619788758288394
CC(=O)N1CCC(n2cc(Nc3nc(NC4(C)CC4)c4c(=O)n(C)ccc4n3)cn2)CC1,-4.318758762624412
CO[C@H](C(=O)N[C@H](c1ccc(C)cc1)[C@@H](C)C(=O)O)c1ccccc1,-5.468521082957745
CN1CC2(CC(n3cc(Nc4nc(NC5(C)CC5)c5c(=O)n(C)ccc5n4)cn3)C2)C1,-5.2441251443275085
COc1cc2c(cc1OC)CN(c1ccccc1)CC2,-4.6777807052660805
CC(C)(C(=O)Nc1ccc(-c2cccnc2)cc1)c1csc(NS(=O)(=O)C2CC2)n1,-5.721246399047171
CC(C)(C(=O)Nc1ccc(-c2cccnc2)cc1F)c1csc(NS(=O)(=O)C2CC2)n1,-5.259637310505756
O=c1cc(-c2ccc(C(F)(F)F)cc2)oc2ccccc12,-5.3872161432802645
O=c1[nH]c(=O)n(C2CC2)c2nc(Cc3nc4ccc(O)cc4[nH]3)n(Cc3ccccc3)c12,-4.966576244513051
CN(C)c1ccc(/N=N/c2nc3ccc(OCCOCCOC45CC6CC(CC(C6)C4)C5)cc3s2)cc1,-5.326979092871104
Cc1nnn(-c2ccc(F)cc2)c1COc1ccc2c(n1)CCN(C(=O)C1CCCO1)C2,-4.326979092871104
Cc1ccc(O)c(C)c1-n1c(N)c(C(N)=O)c2nc(-c3ncc(F)cc3F)cnc21,-4.966576244513051
Cc1ccc([C@@H](NC(=O)Cc2ccccc2)[C@@H](C)C(=O)O)cc1,-5.638272163982407
C[C@@H]1CN(c2ccc(-c3n[nH]c4cnc(N5[C@H](C)CN(C(=O)N6CCCC6)C[C@@H]5C)nc34)cn2)CCN1,-6.3979400086720375
Cc1ccc(C(CC(=O)O)NC(=O)Cc2ccc3c(c2)CCCC3)cc1,-4.769551078621726
COC(=O)N1C[C@@H](C)N(c2ncc3[nH]nc(-c4ccc(N5CCN(C)CC5)cc4)c3n2)[C@@H](C)C1,-5.346787486224656
COc1cc2c(cc1OC)C(C)N(c1ccc(F)cc1)CC2,-5.080921907623926
COc1cc2c(cc1OC)C(C)N(c1ccc(C=O)cc1)CC2,-5.130768280269024
COc1cc2c(cc1OC)CN(c1ccccn1)CC2,-4.411168274405793
COC(=O)c1ccccc1N1CCc2cc(OC)c(OC)cc2C1,-5.6777807052660805
Cn1c(=O)[nH]c(=O)c2c1nc(Sc1nc3cc(NC(=O)CC[C@H](N)C(=O)O)ccc3[nH]1)n2Cc1ccccc1,-7.0
Cc1nnn(-c2ccc(F)cc2)c1COc1ccc2c(n1)CCN(C(=O)NC1CC(=O)N(C)C1)C2,-6.481486060122113
COc1cc2c(cc1OC)C(C)N(c1ccc(CO)cc1)CC2,-4.46344155742847
C=C(C)[C@@H]1CC[C@]2(C(=O)O)CC[C@]3(C)[C@H](CC[C@@H]4[C@@]5(C)CC=C(c6cccc(N)c6)C(C)(C)[C@@H]5CC[C@]43C)[C@@H]12,-7.275724130399211
Cc1cc(Cc2cccc3ccccc23)n(O)c(=O)c1,-5.189767482004916
Nc1cc(-c2ccco2)c2oc(-c3ccco3)nc2c1,-4.113509274827518
O=C(C1=C(O)C(=O)N(c2ccccc2O)C1c1ccc([N+](=O)[O-])cc1)c1ccccc1,-6.6020599913279625
CN1CCN(Cc2ncc(NC(=O)c3cc(C(=O)c4c(Cl)ccc(Cl)c4F)c[nH]3)cn2)CC1,-6.045757490560675
C=CC(=O)N1CCC[C@@H](n2nc(-c3cn(CC(F)(F)c4ccc(Cl)cc4)nn3)c3c(N)ncnc32)C1,-5.434152181326482
CC(=O)N1Cc2ccc(OCc3c(C)nnn3-c3ccc(F)cc3)nc2C1,-4.2636034977233574
C=CC(=O)N1CCC[C@@H](n2nc(-c3cn(CC(F)(F)c4ccccc4)nn3)c3c(N)ncnc32)C1,-4.927750102386486
COCc1nn(Cc2ccc(Cn3ccccc3=O)cc2)cc1C(=O)NCc1cccc(OC)c1F,-4.6020599913279625
Cc1ccc(O)c(C)c1-n1c(N)c(C(N)=O)c2nc(C3CC3)cnc21,-4.928117992693875
Cc1cc2c(C(N)=O)c(N)n(-c3c(C)ccc(O)c3C)c2nc1C,-4.818156412055227
CN1CCC(Oc2ccc(NC(=O)c3cc(C(=O)c4c(Cl)ccc(Cl)c4F)c[nH]3)cn2)CC1,-5.6020599913279625
O=C(Nc1cnn(CC2CCNCC2)c1)c1cc(C(=O)c2c(Cl)ccc(Cl)c2F)c[nH]1,-6.698970004336019
O=c1[nH]c(=S)n(Cc2ccccc2CN2CCC2)c2cc[nH]c12,-4.721246399047171
Cc1cc2ncccc2cc1Nc1ncc2c(n1)n(C1CCN(C)CC1)c(=O)n2C,-4.853871964321762
COc1cc2c(cc1OC)CN(c1cccc(O)c1)CC2,-4.359518563029578
Cc1cc(Cc2ccc(OCc3ccccc3)cc2)n(O)c(=O)c1,-6.025949097207123
CN1CCC(n2cc(Nc3nc(NC4(C)CC4)c4c(=O)n(-c5nnc[nH]5)ccc4n3)cn2)CC1,-4.795880017344075
CN1CCC(n2cc(Nc3nc(NC4(C)CC4)c4c(=O)n(-c5cnn[nH]5)ccc4n3)cn2)CC1,-5.481486060122113
CC(=O)N1CC[C@H]2[C@@H]1CCN2[C@H]1CCC[C@@H](NC(=O)c2cc3c(F)ccc(C)c3[nH]2)C1,-4.657577319177793
Cc1nnn(-c2ccc(F)cc2)c1COc1ccc2c(n1)CCN(CCS(C)(=O)=O)C2=O,-4.657577319177793
CC(C)(C(=O)Nc1ccc(-c2cncc(C(F)(F)F)c2)cc1F)c1csc(NS(=O)(=O)C2CC2)n1,-5.142667503568732
Cc1ccc(O)c(C)c1-n1c(N)c(C(N)=O)c2nc3c(Br)cccc3nc21,-5.1249387366083
COCc1nn(Cc2ccc(Cn3ccccc3=O)cc2)cc1C(=O)NCc1c(Cl)ccc(OC)c1F,-5.031517051446065
O=C1NCCCCCn2cc(cn2)-c2cnc3ccc(cc3c2)CCn2nc(ccc2=O)-c2ccc1c(C(F)(F)F)c2,-6.537602002101044
O=C(Nc1ccc(N2CCNCC2)nc1)c1cc(C(=O)c2c(Cl)ccc(Cl)c2F)c[nH]1,-6.522878745280337
O=C(Nc1cnc(N2CCNCC2)nc1)c1cc(C(=O)c2c(Cl)ccc(Cl)c2F)c[nH]1,-6.221848749616356
CC(C)(C(=O)Nc1ccc(-c2cncc(C(F)(F)F)n2)cc1F)c1csc(NS(=O)(=O)C2CC2)n1,-5.00436480540245
Cc1nnn(-c2ccc(F)cc2)c1COc1ccc2c(n1)CCN(C(=O)C1CCOC1)C2,-4.350665141287858
Nc1ccc(S(=O)(=O)N2CCN(C(=O)c3cc(O)c(O)c(O)c3)C(C(=O)NCc3ccco3)C2)cc1,-6.698970004336019
COC(=O)N1C[C@@H](C)N(c2ncc3[nH]nc(-c4ccc(N5CCN[C@H](C)C5)nc4)c3n2)[C@@H](C)C1,-6.221848749616356
O=S1(=O)OC(c2ccc(O)cc2)(c2ccc(O)cc2)c2ccccc21,-6.455931955649724
C[C@@H](C1CC1)N1Cc2cc(-c3ccn4nc(N)c(C(=O)N[C@H]5CC[C@@](C)(O)CC5)c4n3)cc(OC(F)(F)F)c2C1=O,-5.327902142064283
CCOc1ccnc(CNC(=O)c2cn(Cc3ccc(Cn4ccccc4=O)cc3)nc2COC)c1F,-4.958607314841775
COc1ccnc(CNC(=O)c2cn(Cc3ccc(Cn4ccccc4=O)cc3)nc2C(F)(F)F)c1F,-4.769551078621726
COc1cc2cc(Oc3ccc(NC(=O)Nc4cc(C(F)(F)F)cc(C(F)(F)F)c4)cc3)c(C)nc2cc1OCCN1CCOCC1,-6.3979400086720375
CN(C)C1CN(Cc2ccc(NC(=O)c3ccc(OCCCl)c([N+](=O)[O-])c3)cc2C(F)(F)F)C1,-5.903089986991944
FC(F)(F)c1ccccc1-c1nc(NCc2ccccn2)c2ccccc2n1,-4.070581074285707
Cc1cnc(-c2ccccc2C(F)(F)F)nc1NCc1ccccn1,-3.9746941347352296
Fc1ccc([C@]2(CCNCc3cccc(Cl)c3)CCO[C@]3(CCOC3)C2)nc1,-5.2839966563652006
COC[C@H]1O[C@@H](S[C@@H]2O[C@H](COC)[C@H](OC)[C@H](n3cc(-c4cccc(F)c4)nn3)[C@H]2OC)[C@H](OC)[C@@H](n2cc(-c3cccc(F)c3)nn2)[C@H]1OC,-4.142667503568732
CN(C)C(=O)CN1CCC(n2cc(Nc3nc(NC4(C)CC4)c4c(=O)n(C)ccc4n3)cn2)CC1,-4.823908740944319
Nc1cccc2cc(CNC(=O)c3cnn(Cc4ccc(Cn5ccccc5=O)cc4)c3)ccc12,-5.698970004336019
CC(=O)N1CCC[C@H]1C(=O)N[C@@H]1COC(=O)c2cccc(-c3cc(F)c(C(=O)O)c(F)c3)c2CSC[C@H](C(=O)N(C)C)NC1=O,-6.7447274948966935
CNC(=O)c1cncc(-c2cnn3cc(-c4cnn(C(C)C)c4)c(O[C@H]4CCOC4)nc23)c1,-5.823908740944319
N/C(=N\S(=O)(=O)c1ccccc1)NCc1cc(-c2ccc(Cl)cc2)n(-c2ccc(Cl)cc2)n1,-5.522878745280337
COC(=O)N1CCN([C@H]2CC[C@H](Nc3nc(Nc4cnn(C)c4)nc4ccn(C)c(=O)c34)CC2)CC1,-4.769551078621726
CN1CCC(n2cc(Nc3nc(NC4(C)CC4)c4c(=O)n(C)ccc4n3)cn2)CC1,-4.769551078621726
Cc1cc(Cc2cccc(-c3ccccc3)c2)n(O)c(=O)c1,-5.962573502059376
Cc1cc(Cc2ccc(-c3ccccc3)cc2)n(O)c(=O)c1,-5.8696662315049934
O=c1cc(-c2ccccc2)cc(C2CCCCC2)n1O,-5.363512103646634
CNCc1ccc(Cl)cc1Cn1c(=S)[nH]c(=O)c2[nH]ccc21,-5.017728766960432
NCc1cc(Cl)ccc1Cn1c(=S)[nH]c(=O)c2[nH]ccc21,-5.221848749616356
Cc1nnn(-c2ccc(F)cc2)c1COc1ccc2c(n1)CCN(C(=O)C1CC(=O)N(C)C1)C2,-5.122628654130226
CN1CCC(n2cc(Nc3nc(NC4(C)CC4)c4c(=O)n(-c5cn(C)nn5)ccc4n3)cn2)CC1,-4.6777807052660805
O=C(Nc1cnc(CN2CCNCC2)nc1)c1cc(C(=O)c2c(Cl)ccc(Cl)c2F)c[nH]1,-6.522878745280337
CN1CCC(Cc2ccc(NC(=O)c3cc(C(=O)c4c(Cl)ccc(Cl)c4F)c[nH]3)cn2)CC1,-6.154901959985743
C=CC(=O)Nc1ccc(C(=O)Nc2n[nH]c3ccc(-c4cncc(NC[C@@H](O)c5ccccc5)c4)cc23)cc1,-5.221848749616356
C=CC(=O)N1CCC([C@@H]2CCNc3c(C(N)=O)c(-c4cc(OC)c(C)c(OC)c4)nn32)CC1,-5.267606240177032
CN1CCN(Cc2ccc(NC(=O)c3cc(C(=O)c4c(Cl)ccc(Cl)c4F)c[nH]3)cn2)CC1,-6.0
CNC(=O)[C@@]12C[C@@H]1[C@@H](n1cnc3c(NCCc4ccc(OC)c(O)c4)nc(OCC(C)C)nc31)[C@H](O)[C@@H]2O,-6.292429823902063
CN(CC[C@@H](CC(=O)NC1CCC1)NC(=O)c1cc(-c2ccccc2C(F)(F)F)n(C2CCCC2)n1)C1CCCCC1,-4.167491087293763
O=C(C1=C(O)C(=O)N(c2ccc(O)c(C(=O)O)c2)C1c1ccc([N+](=O)[O-])cc1)c1ccccc1,-7.327902142064283
CC(C)CCC(=O)N1CCC[C@H]1C(=O)N[C@H](C(=O)N[C@@H](CN)C(=O)N[C@@H](CC1CCCC1)C(=O)N1CCC[C@H]1c1nc(-c2ccccc2)cn1CC1CCCCC1)C(C)C,-6.136677139879544
CNC[C@H](NC(=O)[C@@H](NC(=O)[C@@H]1CCCN1C(=O)CCC(C)C)C(C)C)C(=O)N[C@@H](CC1CCCC1)C(=O)N[C@@H](C)c1nc2cccc(-c3ccccc3)c2[nH]1,-5.7055337738384075
Cc1c(C#N)cccc1[C@@H](C)Nc1nnc(C)c2cnc(N3CCOCC3)cc12,-4.490797477668897
Cn1cc(Nc2nc(NC3(C)CC3)c3c(=O)n(C)ccc3n2)cn1,-4.173925197299174
Cc1onc(-c2ccc(F)cc2)c1COc1ccc2c(n1)CCN(CCS(C)(=O)=O)C2=O,-4.30715308072277
COc1ccsc1CNCC[C@@]1(c2ccccn2)CCOC2(CCCC2)C1,-5.356547323513812
NC(c1ccccc1)c1ccccc1Cn1c(=S)[nH]c(=O)c2[nH]ccc21,-4.7447274948966935
CCNC(=O)c1cncc(-c2cnn3cc(-c4cnn(CC)c4)c(O[C@H]4CCOC4)nc23)c1,-6.221848749616356
CC(C)CCC(=O)N1CCC[C@H]1C(=O)N[C@H](C(=O)N[C@@H](CN)C(=O)N[C@@H](CC1CCCC1)C(=O)N[C@@H](C)c1nc2cccc(-c3ccccc3)c2[nH]1)C(C)C,-5.739928612014925
COc1cccc2[nH]c(C(=O)N[C@@H](CC(C)C)C(=O)N[C@@H](C[C@@H]3CCNC3=O)C(=O)COC(=O)c3c(C(F)(F)F)cc(C)nc3C)cc12,-4.614393726401688
Cc1ccc(O)c(C)c1-n1c(N)c(C(N)=O)c2nccnc21,-4.721246399047171
COC(=O)N1CCN([C@H]2CC[C@H](Nc3nc(Nc4cnn(C)c4)nc4ccc(C)nc34)CC2)CC1,-5.102372908709558
CC(C)c1ccccc1-c1nc(NCc2ccccn2)c2c(ccn2C)n1,-3.9136401693252516
COc1cc2c(cc1OC)CN(c1ccc(C=O)cc1)CC2,-5.552841968657781
COC[C@H]1O[C@@H](S[C@@H]2O[C@H](CO)[C@H](OC)[C@H](n3cc(-c4cccc(F)c4)nn3)[C@H]2OC)[C@H](OC)[C@@H](n2cc(-c3cccc(F)c3)nn2)[C@H]1OC,-4.251811972993799
O=C(O)CCCc1ccccc1,-6.130768280269024
CN1CCC(Cn2cc(NC(=O)c3cc(C(=O)c4c(Cl)ccc(Cl)c4F)c[nH]3)cn2)CC1,-6.221848749616356
COc1cccc2[nH]c(C(=O)N[C@@H](CC(C)C)C(=O)N[C@@H](C[C@@H]3CCNC3=O)C(=O)c3nc4ccccc4s3)cc12,-4.723538195826756
O=C(C[C@H](CCN1CCCCC1)NC(=O)c1cc(-c2ccccc2C(F)(F)F)n(C2CCCC2)n1)NC1CCC1,-4.2839966563652006
CCC(CC)O[C@@H]1C=C(C(=O)O)C[C@H](NCc2ccc(-c3ccsc3)cc2OC)[C@H]1NC(C)=O,-7.581698708680254
COc1ccc(F)c(CNC(=O)c2cnn(Cc3ccc(Cn4ccccc4=O)cc3)c2)c1F,-5.494850021680094
Cc1ccc(O)c(C)c1-n1c(N)c(C(N)=O)c2nc(C(C)(C)O)cnc21,-5.769551078621726
Cc1ccc(O)c(C)c1-n1c(N)c(C(N)=O)c2nc(N3CCOCC3)cnc21,-5.236572006437063
Cc1ccc(O)c(C)c1-n1c(N)c(C(N)=O)c2nc(-c3nccs3)cnc21,-4.995678626217358
CNC(=O)c1cc(F)c(F)c(-c2cnc3cc(-c4cnn(C)c4)c(O[C@H]4CCOC4)nn23)c1,-5.2441251443275085
CN(C)CC(=O)N1CCC(n2cc(Nc3nc(NC4(C)CC4)c4c(=O)n(C)ccc4n3)cn2)CC1,-5.366531544420414
CNCc1c(Cl)cccc1Cn1c(=S)[nH]c(=O)c2[nH]ccc21,-4.721246399047171
C[C@@H](N)c1cc(Cl)ccc1Cn1c(=S)[nH]c(=O)c2[nH]ccc21,-4.958607314841775
Cc1cc(CC2CCCCC2)n(O)c(=O)c1,-4.503070351926785
c1ccc([C@]2(CCNCc3scc4c3CCC4)CCO[C@]3(CCOC3)C2)nc1,-5.619788758288394
CC(c1ccccc1)N1CCN(Cc2ccc(C(=O)NO)cc2)CC1,-4.962573502059376
CCC(CC)O[C@@H]1C=C(C(=O)O)C[C@H](NCc2ccc(-c3cccs3)cc2OC)[C@H]1NC(C)=O,-7.718966632752273
COc1cc2c(cc1OC)CN(c1ccc(C(=O)O)cc1)CC2,-4.090443970758825
COc1cccc(CNC(=O)c2cn(Cc3ccc(Cn4ccccc4=O)cc3)nc2N(C)C)c1F,-4.638272163982407
CN[C@H](C)c1cc(Cl)ccc1Cn1c(=S)[nH]c(=O)c2[nH]ccc21,-4.721246399047171
CC(C)NCc1ccccc1Cn1c(=S)[nH]c(=O)c2[nH]cnc21,-6.050609993355088
Cc1ccc([C@@H](NC(=O)[C@H](O)c2ccccc2)[C@@H](C)C(=O)O)cc1,-6.568636235841013
Cc1cc(C2CCCCCC2)n(O)c(=O)c1,-5.241088107602026
CN(C(=O)Cc1csc(NS(=O)(=O)C2CC2)n1)c1cccc(Cl)c1,-5.0915149811213505
Cc1onc(-c2ccc(F)cc2)c1COc1ccc2c(n1)CCN(C(=O)CS(C)(=O)=O)C2,-4.366531544420414
C=C(C)[C@@H]1CC[C@]2(C(=O)O)CC[C@]3(C)[C@H](CC[C@@H]4[C@@]5(C)CC=C(c6cccc(O)c6)C(C)(C)[C@@H]5CC[C@]43C)[C@@H]12,-5.634512015109101
Cc1ccc([C@@H](NC(=O)C(=O)c2ccccc2)[C@@H](C)C(=O)O)cc1,-5.769551078621726
FC(F)(F)c1nccc(N[C@H]2CC[C@@H](Nc3ccc4nnc(Cl)n4n3)CC2)n1,-4.356547323513813
O=C1NCCCCn2cc(cn2)-c2cnc3ccc(cc3c2)CCn2nc(ccc2=O)-c2ccc1c(C(F)(F)F)c2,-6.275724130399211
COc1cccc(Cc2cc(C)cc(=O)n2O)c1,-6.614393726401688
Cc1ccc(O)c(C)c1-n1c(N)c(C(N)=O)c2nc(C)c(C)nc21,-4.703334809738469
CC(=O)NCc1cc(Cl)ccc1Cn1c(=S)[nH]c(=O)c2[nH]ccc21,-4.958607314841775
Cc1ccc([C@@H](NC(=O)C(F)(F)c2ccccc2)[C@@H](C)C(=O)O)cc1,-4.823908740944319
CC(C)(C)CNCc1cc(Cl)ccc1Cn1c(=S)[nH]c(=O)c2[nH]ccc21,-4.309803919971486
Cc1cc2ncccc2cc1Nc1ncc2c(n1)n(C1CCNCC1)c(=O)n2C,-6.154901959985743
COCc1nn(Cc2ccc(Cn3ccccc3=O)cc2)cc1C(=O)NCc1nccc(OC)c1C,-4.6020599913279625
C[C@@H](C1CC1)N1Cc2cc(-c3ccn4nc(N)c(C(=O)N[C@H]5CC[C@@](C)(O)CC5)c4n3)cc(OC(F)F)c2C1=O,-4.774690718274138
COc1ccc(C(=O)Nc2cccc([C@]3(C)O[C@H]4CO[C@@H]5N4[C@H]3O[C@@]5(C)c3cccc(NC(=O)c4ccc(OC)cc4)c3)c2)cc1,-5.853871964321762
CNC(=O)[C@@]12C[C@@H]1[C@@H](n1cnc3c(NCCc4ccc(OC)c(OC)c4)nc(C#Cc4ccc(Cl)s4)nc31)[C@H](O)[C@@H]2O,-6.356547323513813
CC(=O)N1CCC[C@H]1C(=O)N[C@@H]1COC(=O)c2cccc(-c3ccc(C(=O)O)cc3)c2CSC[C@H](C(=O)N(C)C)NC1=O,-6.795880017344075
O=C(NO)c1ccc(CN2CCN(C(c3ccccc3)c3ccccc3)CC2)cc1,-4.767003889607846
COc1ccnc(CNC(=O)c2cn(Cc3ccc(Cn4ccccc4=O)cc3)nc2C2CC2)c1F,-5.022276394711152
COc1cccc2[nH]c(C(=O)N[C@@H](CC(C)C)C(=O)N[C@@H](C[C@@H]3CCCNC3=O)C(=O)COC(=O)c3c(C)cc(C)nc3C)cc12,-4.661543506395395
Cc1cc2ncccc2cc1Nc1ncc2c(n1)n([C@H]1CCN(CCO)C1)c(=O)n2C,-5.585026652029182
CCCOc1ccc(NC(=O)C(C)(C)c2csc(NS(=O)(=O)C3CC3)n2)cc1,-5.1938200260161125
O=c1cc(-c2ccccc2)cc(CC2CCCCC2)n1O,-5.560667306169737
C[C@@H](N)c1cc(Cl)ccc1Cn1c(=S)[nH]c(=O)c2[nH]cnc21,-5.886056647693163
COCc1nn(Cc2ccc(Cn3ccccc3=O)cc2)cc1C(=O)NCc1c(F)ccc(OC)c1F,-4.7447274948966935
CN1CC2(CC(n3cc(Nc4nc(NC5(C)CC5)c5c(=O)n(CC(F)F)ccc5n4)cn3)C2)C1,-4.920818753952375
Cc1ccc([C@@H](NC(=O)[C@@H](F)c2ccc3c(c2)CCCC3)[C@@H](C)C(=O)O)cc1,-4.481486060122113
C[C@H](F)Cn1ccc2nc(Nc3cnn(C4CC5(C4)CN(C)C5)c3)nc(NC3(C)CC3)c2c1=O,-4.769551078621726
O=C(NO)c1ccc(CN2CCN(Cc3ccccc3)CC2)cc1,-4.935542010773082
CC(=O)N1CC[C@H]2CN([C@H]3CCC[C@@H](NC(=O)c4cc5c(F)ccc(C)c5[nH]4)C3)C[C@H]21,-4.494850021680094
C=CC(=O)N1CC2(CC(n3nc(-c4ccc5c(cnn5C)c4)c(-c4c(Cl)c(C)cc5[nH]ncc45)c3C)C2)C1,-5.168770306132936
COc1cc2c(cc1OC)CN(c1ccc(CO)cc1)CC2,-4.5718652059712115
COc1cc2c(c(OC)c1OC)-c1ccc(OC)c(=O)cc1[C@@H](NC(C)=O)CC2,-6.522878745280337
Cc1cc2ncccc2cc1Nc1ncc2c(n1)n([C@H]1CCN(C)C1)c(=O)n2C,-4.721246399047171
COc1ccc(F)c(CNC(=O)c2cn(Cc3ccc(Cn4ccccc4=O)cc3)nc2CN(C)C)c1F,-4.853871964321762
[2H]C([2H])([2H])NC(=O)c1cncc(-c2cnn3cc(-c4cnn(C(C)C)c4)c(O[C@H]4CCOC4)nc23)c1,-5.698970004336019
C=CC(=O)N1CCC[C@@H](n2nc(-c3cn(-c4ccc(C(C)=O)cc4)nn3)c3c(N)ncnc32)C1,-4.698970004336019
CNCc1cc(Cl)ccc1Cn1c(=S)[nH]c(=O)c2[nH]ccc21,-4.769551078621726
CN1CCC(n2cc(NC(=O)c3cc(C(=O)c4c(Cl)ccc(Cl)c4F)c[nH]3)cn2)CC1,-5.886056647693163
CC(=O)N1CCc2nc(OCc3c(C)nnn3-c3ccc(F)cc3)ccc2C1,-4.277366077466188
O=C(C[C@H](CCN1CCCC(F)(F)C1)NC(=O)c1cc(-c2ccccc2C(F)(F)F)n(C2CCCC2)n1)Nc1nnn[nH]1,-5.096910013008056
COc1ccc(C(=O)Nc2cccc([C@@]3(C)O[C@H]4CO[C@@H]5N4[C@H]3O[C@]5(C)c3cccc(NC(=O)c4ccc(OC)cc4)c3)c2)cc1,-4.805514406879063
COc1cccc(S[C@@H]2O[C@H](CO)[C@H](O)[C@H](n3cc(-c4cc(F)c(F)c(F)c4)nn3)[C@H]2O)c1,-4.9136985343950705
Cn1nc2c(=O)n(CC3(O)CCN(Cc4ccc(-c5ccco5)cc4Cl)CC3)cnc2c1-c1ccc(F)cc1,-5.329896959979989
FC(F)(F)c1c(Cl)ccc(-n2ccnn2)c1Cl,-4.416341332625912
Cc1c(C)c2ccc(OCC3CCN(Cc4ccccc4)CC3)cc2oc1=O,-5.037860356969059
O=C(N[C@@H](c1ccccc1)c1cccc(OCc2ccc(CCNC[C@H](O)c3ccc(O)c4[nH]c(=O)ccc34)cc2)c1)O[C@H]1CN2CCC1CC2,-5.603804155250873
C#CCOc1ncc(F)c(OCC#C)n1,-4.481230977250357
OC[C@H]1O[C@H](Sc2ccc(Cl)c(Cl)c2)[C@H](O)[C@@H](n2cc(-c3cc(F)c(F)c(F)c3)nn2)[C@H]1O,-4.824875990832918
Cc1cc(-c2n[nH]c3ccc(N[C@H]4CCCc5cc(C#N)ccc54)cc23)ccn1,-5.136636395486714
Cc1[nH]nc(-c2ccncc2)c1-c1ccc(-c2cccc(S(N)(=O)=O)c2)c(C2CC2)c1,-4.8125708599674555
CC1(C)CCN(Cc2ccc(C(=O)NC[C@]3(O)CCCN(c4cc(NCc5ccccc5)ncn4)C3)c(O)c2)CC1,-4.759939013691013
Cn1nc2c(=O)n(CC3(O)CCN(Cc4ccc(-c5cnco5)cc4Cl)CC3)cnc2c1-c1ccc(CN)cc1,-5.846294772893163
COc1ccc(-c2cn3ccc(N4CCN(C5CCCC5)CC4)cc3n2)c(OCCCN2CCOCC2)c1,-4.949706008702218
Cc1cc(-c2n[nH]c3ccc(Nc4ccccc4C#N)cc23)ccn1,-5.544154920623069
OC[C@H]1O[C@@H](Oc2ccc(Cc3ccc(O)cc3)cc2)[C@H](O)[C@@H](O)[C@@H]1O,-5.866884151655054
COc1ccc(Cc2ccccc2O[C@@H]2O[C@H](CO)[C@@H](O)[C@H](O)[C@H]2O)cc1,-5.748445281664315
COc1ccc(-c2nc3cc(N4CCN(C5CCCC5)CC4)ccn3c2CN2CCCC2)c(OC)c1,-4.357012467086236
COc1ccc(-c2cn3ccc(N4CCN(C(C)C)CC4)cc3n2)c(OC)c1,-4.711919773750041
CC(C)(C)CC(=O)Nc1nnc(S(N)(=O)=O)s1,-5.258992211774644
C[C@H]1O[C@@H](S[C@@H]2O[C@H](CO)[C@H](O)[C@H](n3cc(-c4cccc(F)c4)nn3)[C@H]2O)[C@H](O)[C@@H](n2cc(-c3cccc(F)c3)nn2)[C@H]1O,-7.056754637413759
Cc1[nH]nc(-c2ccncc2)c1-c1ccc(-c2cccc(S(N)(=O)=O)c2)cc1,-4.69860658698456
CCCn1c(=O)[nH]c(=O)c2c1nc(Sc1nc3ccccc3[nH]1)n2Cc1ccccc1,-4.4530721186792235
N#Cc1ccc2c(c1)CCC[C@@H]2Nc1ccc2[nH]nc(-c3ccncc3)c2c1,-5.093643566617316
Cc1cnn(CC[C@@H](CC(=O)NC2CCC2)NC(=O)c2cc(-c3ccccc3C(F)(F)F)n(C3CCCC3)n2)c1,-4.858349385648225
N#Cc1ccc2c(c1)CCC[C@H]2Nc1ccc2[nH]nc(-c3ccncc3)c2c1,-5.025061147981562
C[C@@H]1Cc2cc(C(N)=O)cnc2N1,-4.611404438564321
CC(=O)N1CCN(c2cccc(NC(=O)c3cc4c(F)ccc(C)c4[nH]3)c2)CC1,-5.242328053455809
O=C(CCCC[C@@H]1CCSS1)OCCN1CCOCC1,-6.282611789168423
Cc1cc(-c2n[nH]c3ccc(N[C@@H]4CCCc5cc(C#N)ccc54)cc23)ccn1,-5.4561092910952285
Cc1ccc(NC(=O)c2ccnc(C(F)(F)F)c2)cc1-c1ccc2c(c1)OC1(CCOCC1)CC(=O)N2,-4.601337971112646
Cc1nc2c(=O)n(C)c(=O)nc-2n(C)n1,-4.757025775391779
OC[C@H]1O[C@@H](S[C@@H]2O[C@H](CO)[C@H](O)[C@H](n3cc(-c4cccc(F)c4)nn3)[C@H]2O)[C@H](O)[C@@H](n2cc(-c3cccc(F)c3)nn2)[C@H]1O,-7.227965977824862
N#Cc1ccc2c(c1)OCC[C@H]2Nc1ccc2[nH]nc(-c3ccncc3)c2c1,-4.661653195187567
COCCO[C@H]1CC[C@H](NC(=O)c2cc(-c3cncs3)nc3[nH]ccc23)CC1,-4.642835120127383
CN(CCCC(F)F)Cc1ccc(COc2ccc3c(CO)cc(=O)oc3c2)cc1,-4.698970004336019
Cc1ccc(F)c2cc(C(=O)N[C@@H]3CCC[C@H](N4CCN5C(=O)CC[C@H]5C4)C3)[nH]c12,-5.068041311521069
Cc1c(C)c2ccc(OCC3CCN(CCCO)CC3)cc2oc1=O,-4.689411859112482
COc1ccc(Cc2ccc(O[C@@H]3O[C@H](CO)[C@@H](O)[C@H](O)[C@H]3O)cc2)cc1,-5.762135357982622
OC[C@H]1O[C@@H](Oc2ccc(Cc3ccc(O)c(O)c3)cc2)[C@H](O)[C@@H](O)[C@@H]1O,-5.6005159312937245
O=C1CCN(C(=O)Nc2ccc(F)c(Cl)c2)C2CCCCC12,-4.970294031280671
CN(C)c1ccc(/N=N/c2nc3ccc(OCCOCCOCCOCCOC45CC6CC(CC(C6)C4)C5)cc3s2)cc1,-6.9684459585006895
O=C(C[C@H](CCN1CCCC(F)(F)C1)NC(=O)c1cc(-c2ccccc2C(F)(F)F)n(C2CCCC2)n1)NC1CCC1,-4.462591779677412
Cn1ccc2cc(-c3cnc4ccc(C(=O)N5CCCCC5)cc4n3)ccc2c1=O,-4.4076542845912
Cc1c(C)c2ccc(OCC3CCN(CCCC(F)F)CC3)cc2oc1=O,-4.7827155479829
Cc1cc(-c2n[nH]c3ccc(N[C@H]4CCCc5cc(C#N)ccc54)cc23)cc(C)n1,-5.367591088495232
COc1ccn2c(C(C)=O)cc(C(=O)Nc3cc(C(C)O)cc(-c4cnn(C5CC5)c4)c3F)c2c1,-5.051119396448262
Cc1n[nH]c(C)c1-c1ccc(NC(=O)[C@@H](NC(=O)c2ccnn2C(C)C)C(C2CC2)C2CC2)cc1,-4.502621527706186
O=C(CCCCCCCCC[P+](c1ccc(C(F)(F)F)cc1)(c1ccc(C(F)(F)F)cc1)c1ccc(C(F)(F)F)cc1)NC(COC(=O)CCCc1ccccc1)(COC(=O)CCCc1ccccc1)COC(=O)CCCc1ccccc1,-4.694542222337913
Cn1cc(-c2n[nH]c3ccc(N[C@@H]4CCCc5cc(C#N)ccc54)cc23)cn1,-5.211024436135123
Cc1ccc(S[C@@H]2O[C@H](CO)[C@H](O)[C@H](n3cc(-c4cc(F)c(F)c(F)c4)nn3)[C@H]2O)cc1,-4.53024037369069
OC[C@H]1O[C@@H](OCCc2ccc(O)cc2)[C@H](O)[C@@H](O)[C@@H]1O,-5.548604346573716
CNC(=O)c1ccccc1Nc1nc(Nc2ccc(N3CCN(CCCCC(=O)Nc4cccc5c4C(=O)N(C4CCC(=O)NC4=O)C5=O)CC3)cc2OC)ncc1Cl,-5.590887053193022
O=C(N[C@H]1CC[C@@]2(O)[C@H]3Cc4ccc(O)c5c4[C@@]2(CCN3CC2CC2)[C@H]1O5)c1cccs1,-4.75060358233533
O=C(Nc1ccc(OC(F)(F)F)cc1)c1cncc(-c2cccnc2)c1,-4.7608538651694685
Cn1nc2c(=O)n(CC3(O)CCN(Cc4ccc(-c5ccc(C(=O)O)o5)cc4Cl)CC3)cnc2c1-c1ccc(CN)cc1,-6.601366229584642
O=C(Nc1ccc(OC(F)(F)Cl)cc1)c1cnc(N2CC[C@@H](O)C2)c(-c2cc[nH]n2)c1,-5.402554207969997
COc1ccc(Cc2cccc(O[C@@H]3O[C@H](CO)[C@@H](O)[C@H](O)[C@H]3O)c2)cc1,-5.968821840957281
Cn1nc(C(=O)OCCCCNC[C@H](O)c2ccc(O)c3[nH]c(=O)ccc23)cc1COc1cccc([C@@H](NC(=O)O[C@H]2CN3CCC2CC3)c2ccccc2)c1,-5.721848749616356
COc1ccc(-c2cn3ccc(NCCCN4CCOCC4)cc3n2)c(OC)c1,-4.662868040153888
Cc1n[nH]c(C)c1-c1ccc(NC(=O)[C@@H](NC(=O)c2ccnn2C)C(c2ccccc2)c2ccccc2)cc1,-4.736830361305078
COc1ccc(C2CC2)cc1S(=O)(=O)Nc1ccc2c(c1)CCN2C(C)=O,-4.700732337588604
Cc1ccc(NC(=O)c2cc(C(F)(F)F)cnn2)cc1-c1ccc2c(c1)OC1(CCOCC1)CC(=O)N2,-4.367532466653767
